Number,Residue,Gray Value,Y1,P.1,REF,Diff., Perc. L,Perc.,Loops
0,438,"837,388","836,959","83,74","83,70","0,00",  -   ,  -   ,
1,439,"825,584","824,708","82,56","82,47","0,00",  -   ,  -   ,
2,440,"797,028","796,564","79,70","79,66","0,00",  -   ,  -   ,
3,441,"793,952","793,797","79,40","79,38","0,00",  -   ,  -   ,
4,442,"814,691","814,416","81,47","81,44","0,00",  -   ,  -   ,
5,443,"819,485","817,801","81,95","81,78","0,00",  -   ,  -   ,
6,444,"811,100","810,567","81,11","81,06","0,00",  -   ,  -   ,
7,445,"795,498","796,186","79,55","79,62","0,07","  0,64 ","  0,09 ",
8,446,"785,636","786,718","78,56","78,67","0,11","  1,00 ","  0,15 ",α1'/β1'
9,447,"795,739","796,134","79,57","79,61","0,04","  0,36 ","  0,05 ",
10,448,"806,684","803,574","80,67","80,36","0,00",  -   ,  -   ,
11,449,"807,663","804,983","80,77","80,50","0,00",  -   ,  -   ,
12,450,"811,873","808,763","81,19","80,88","0,00",  -   ,  -   ,
13,451,"825,326","823,832","82,53","82,38","0,00",  -   ,  -   ,
14,452,"834,399","833,436","83,44","83,34","0,00",  -   ,  -   ,
15,453,"845,361","844,381","84,54","84,44","0,00",  -   ,  -   ,
16,454,"849,089","847,474","84,91","84,75","0,00",  -   ,  -   ,
17,455,"840,653","838,711","84,07","83,87","0,00",  -   ,  -   ,
18,456,"827,801","826,168","82,78","82,62","0,00",  -   ,  -   ,
19,457,"825,292","823,694","82,53","82,37","0,00",  -   ,  -   ,
20,458,"799,141","797,423","79,91","79,74","0,00",  -   ,  -   ,
21,459,"784,055","782,938","78,41","78,29","0,00",  -   ,  -   ,
22,460,"786,753","785,567","78,68","78,56","0,00",  -   ,  -   ,
23,461,"806,409","805,601","80,64","80,56","0,00",  -   ,  -   ,
24,462,"809,003","807,818","80,90","80,78","0,00",  -   ,  -   ,
25,463,"817,045","815,567","81,70","81,56","0,00",  -   ,  -   ,
26,464,"839,003","837,955","83,90","83,80","0,00",  -   ,  -   ,
27,465,"840,619","839,192","84,06","83,92","0,00",  -   ,  -   ,
28,466,"839,639","837,663","83,96","83,77","0,00",  -   ,  -   ,
29,467,"831,254","829,656","83,13","82,97","0,00",  -   ,  -   ,
30,468,"823,952","821,203","82,40","82,12","0,00",  -   ,  -   ,
31,469,"813,986","810,515","81,40","81,05","0,00",  -   ,  -   ,
32,470,"816,495","814,347","81,65","81,43","0,00",  -   ,  -   ,
33,471,"819,502","817,113","81,95","81,71","0,00",  -   ,  -   ,
34,472,"813,780","812,543","81,38","81,25","0,00",  -   ,  -   ,
35,473,"831,856","830,962","83,19","83,10","0,00",  -   ,  -   ,
36,474,"825,997","826,186","82,60","82,62","0,02","  0,03 ","  0,03 ",
37,475,"842,457","843,832","84,25","84,38","0,14","  0,19 ","  0,19 ",
38,476,"856,495","860,533","85,65","86,05","0,40","  0,55 ","  0,55 ",
39,477,"877,354","884,691","87,74","88,47","0,73","  1,00 ","  1,00 ",
40,478,"893,969","900,842","89,40","90,08","0,69","  0,94 ","  0,94 ",
41,479,"886,684","891,649","88,67","89,16","0,50","  0,68 ","  0,68 ",
42,480,"874,553","877,423","87,46","87,74","0,29","  0,39 ","  0,39 ",
43,481,"848,557","851,340","84,86","85,13","0,28","  0,38 ","  0,38 ",β1'/β2'
44,482,"852,972","854,811","85,30","85,48","0,18","  0,25 ","  0,25 ",
45,483,"835,825","836,770","83,58","83,68","0,09","  0,13 ","  0,13 ",
46,484,"857,715","858,711","85,77","85,87","0,10","  0,14 ","  0,14 ",
47,485,"863,488","866,237","86,35","86,62","0,27","  0,37 ","  0,37 ",
48,486,"866,787","870,928","86,68","87,09","0,41","  0,56 ","  0,56 ",
49,487,"859,742","863,402","85,97","86,34","0,37","  0,50 ","  0,50 ",
50,488,"834,794","836,237","83,48","83,62","0,14","  0,20 ","  0,20 ",
51,489,"830,687","830,223","83,07","83,02","0,00",  -   ,  -   ,
52,490,"823,540","822,337","82,35","82,23","0,00",  -   ,  -   ,
53,491,"824,914","823,522","82,49","82,35","0,00",  -   ,  -   ,
54,492,"830,790","829,261","83,08","82,93","0,00",  -   ,  -   ,
55,493,"832,440","831,873","83,24","83,19","0,00",  -   ,  -   ,
56,494,"832,148","831,186","83,21","83,12","0,00",  -   ,  -   ,
57,495,"840,911","840,515","84,09","84,05","0,00",  -   ,  -   ,
58,496,"827,388","825,670","82,74","82,57","0,00",  -   ,  -   ,
59,497,"828,935","827,354","82,89","82,74","0,00",  -   ,  -   ,
60,498,"815,481","815,103","81,55","81,51","0,00",  -   ,  -   ,
61,499,"804,777","802,990","80,48","80,30","0,00",  -   ,  -   ,
62,500,"783,196","782,663","78,32","78,27","0,00",  -   ,  -   ,
63,501,"791,581","793,385","79,16","79,34","0,18","  1,00 ","  0,25 ",
64,502,"785,773","786,598","78,58","78,66","0,08","  0,44 ","  0,11 ",
65,503,"789,863","790,911","78,99","79,09","0,10","  0,56 ","  0,14 ",β2'/η1'
66,504,"804,296","804,897","80,43","80,49","0,06","  0,33 ","  0,08 ",
67,505,"810,086","810,189","81,01","81,02","0,01","  0,06 ","  0,01 ",
68,506,"810,825","809,863","81,08","80,99","0,00",  -   ,  -   ,
69,507,"823,196","821,134","82,32","82,11","0,00",  -   ,  -   ,
70,508,"841,718","839,777","84,17","83,98","0,00",  -   ,  -   ,